destinationKey,status,attempts,updatedAt,error
2025/11/14/Screenshot_2025-11-14_205340.png,uploaded,1,2026-02-19T22:31:11.516Z,
2025/11/16/laurits_roblox.png,uploaded,1,2026-02-19T22:31:10.585Z,
2025/11/16/Screenshot_2025-11-16_153728.png,uploaded,1,2026-02-19T22:31:11.846Z,
2025/11/21/plantsVSZombies.png,uploaded,1,2026-02-19T22:31:11.090Z,
2025/11/21/Screenshot_2025-11-21_172906.png,uploaded,1,2026-02-19T22:31:12.182Z,
2025/11/21/Screenshot_2025-11-21_173152.png,uploaded,1,2026-02-19T22:31:12.674Z,
2025/11/24/Screenshot_2025-11-24_185049.png,uploaded,1,2026-02-19T22:31:13.237Z,
2025/12/12/Screenshot_2025-12-12_161800.png,uploaded,1,2026-02-19T22:31:13.785Z,
2025/12/13/Screenshot_2025-12-14_001725.png,uploaded,1,2026-02-19T22:31:14.058Z,
2025/12/13/Screenshot_2025-12-14_002111.png,uploaded,1,2026-02-19T22:31:14.280Z,
2026/01/11/Screenshot_2026-01-11_141937.png,uploaded,1,2026-02-19T22:31:14.411Z,
2026/01/11/Screenshot_2026-01-11_142057.png,uploaded,1,2026-02-19T22:31:14.612Z,
2026/01/31/Screenshot_2026-01-31_180114.png,uploaded,1,2026-02-19T22:31:14.941Z,
2026/02/05/Screenshot_2026-02-05_162700.png,uploaded,1,2026-02-19T22:31:15.453Z,
2026/02/05/Screenshot_2026-02-05_165624.png,uploaded,1,2026-02-19T22:31:15.562Z,
2026/02/05/Screenshot_2026-02-05_191459.png,uploaded,1,2026-02-19T22:31:15.933Z,
2026/02/05/Screenshot_2026-02-05_193550.png,uploaded,1,2026-02-19T22:31:16.133Z,
2026/02/05/Screenshot_2026-02-05_194434.png,uploaded,1,2026-02-19T22:31:16.404Z,
